subject,condition,duration_s,n_rr,mean_hr_bpm,sdnn_ms,rmssd_ms,pnn50_pct
S10,baseline,1180.0,1885,96.989,97.461,122.27,9.926
S10,stress,725.0,1294,107.145,75.358,37.422,6.265
S10,amusement,372.0,471,76.0,77.768,48.64,24.255
S10,meditation,796.0,1013,76.56,76.696,48.205,26.186
S11,baseline,1180.0,1457,74.121,65.002,48.953,30.082
S11,stress,680.0,1412,124.669,28.507,7.104,0.071
S11,amusement,368.0,453,73.982,111.135,67.243,32.08
S11,meditation,791.0,1113,84.61,103.487,49.385,23.112
S13,baseline,1180.0,1708,86.945,55.565,32.376,5.917
S13,stress,664.0,1199,108.417,64.033,21.082,3.506
S13,amusement,382.0,549,86.41,68.977,42.756,10.766
S13,meditation,795.0,1003,75.809,106.999,85.138,29.042
S14,baseline,1180.0,1439,73.211,56.77,33.044,13.074
S14,stress,675.0,1424,126.665,47.122,11.89,0.703
S14,amusement,372.0,514,83.159,50.917,21.626,3.509
S14,meditation,794.0,1017,77.031,54.659,30.039,9.252
S15,baseline,1175.0,1619,82.73,57.586,29.936,5.439
S15,stress,686.0,967,84.655,66.955,49.641,18.116
S15,amusement,372.0,474,76.562,68.495,48.759,13.319
S15,meditation,794.0,915,69.346,95.559,66.667,29.322
S16,baseline,1180.0,1283,65.257,93.285,62.178,40.484
S16,stress,673.0,1436,128.084,43.018,7.285,0.0
S16,amusement,368.0,523,85.486,61.738,25.176,4.598
S16,meditation,792.0,987,74.935,118.354,67.478,31.339
S17,baseline,1181.0,1307,66.41,125.136,91.105,51.685
S17,stress,723.0,1365,113.373,80.836,38.4,8.138
S17,amusement,372.0,462,74.687,111.12,51.753,27.549
S17,meditation,731.0,753,61.904,153.88,120.38,52.261
S2,baseline,1144.0,1383,72.59,80.142,72.106,34.153
S2,stress,615.0,786,76.766,75.183,57.91,16.306
S2,amusement,362.0,397,66.039,88.715,98.981,42.172
S2,meditation,768.0,858,67.096,76.472,70.462,39.673
S3,baseline,1140.0,1032,54.366,124.527,121.011,66.246
S3,stress,640.0,922,86.521,136.303,59.114,22.584
S3,amusement,375.0,340,54.464,152.139,132.968,65.487
S3,meditation,780.0,675,52.078,188.954,173.533,61.573
S4,baseline,1158.0,1166,60.465,108.756,90.909,55.708
S4,stress,635.0,841,79.611,83.627,42.774,21.429
S4,amusement,372.0,383,61.89,90.146,79.626,45.288
S4,meditation,805.0,837,62.47,113.601,84.207,48.804
S5,baseline,1198.0,1253,62.828,62.628,30.154,9.585
S5,stress,645.0,963,89.706,58.421,35.158,1.663
S5,amusement,374.0,412,66.383,63.455,31.172,5.839
S5,meditation,794.0,844,63.941,62.534,30.703,9.846
S6,baseline,1180.0,1361,69.232,78.891,37.526,14.559
S6,stress,650.0,851,78.598,80.659,49.728,27.647
S6,amusement,372.0,407,65.853,75.803,41.942,17.734
S6,meditation,787.0,874,66.746,88.782,55.278,27.835
S7,baseline,1186.0,1394,70.562,96.97,55.019,28.141
S7,stress,640.0,895,84.029,141.402,107.561,39.374
S7,amusement,372.0,361,58.327,80.046,79.215,45.833
S7,meditation,790.0,794,60.44,149.998,117.418,50.82
S8,baseline,1169.0,1378,70.785,71.478,51.858,32.099
S8,stress,670.0,1014,90.922,92.256,113.154,17.275
S8,amusement,370.0,425,69.17,111.124,77.785,50.236
S8,meditation,796.0,920,69.422,120.644,77.625,40.588
S9,baseline,1180.0,1508,76.735,70.983,41.397,12.873
S9,stress,645.0,855,79.696,89.743,67.203,25.176
S9,amusement,372.0,531,85.738,43.65,15.558,1.321
S9,meditation,793.0,953,72.251,72.534,37.417,14.076
